{"cameraMode":{"drawMode":0,"name":"Shaded","section":"Shading Mode"},"sceneLighting":false,"audioPlay":false,"sceneViewState":{"m_AlwaysRefresh":false,"showFog":false,"showSkybox":false,"showFlares":false,"showImageEffects":false,"showParticleSystems":false,"showVisualEffectGraphs":true,"m_FxEnabled":true},"in2DMode":false,"pivot":{"x":0.21310526132583619,"y":0.6751387119293213,"z":-1.8826665878295899},"rotation":{"x":0.019500184804201127,"y":0.9794240593910217,"z":-0.16339893639087678,"w":0.11690743267536164},"size":1.7047309875488282,"orthographic":false}