{"cameraMode":{"drawMode":0,"name":"Shaded","section":"Shading Mode"},"sceneLighting":true,"audioPlay":false,"sceneViewState":{"m_AlwaysRefresh":false,"showFog":true,"showSkybox":true,"showFlares":true,"showImageEffects":true,"showParticleSystems":true,"showVisualEffectGraphs":true,"m_FxEnabled":true},"in2DMode":false,"pivot":{"x":0.000002384185791015625,"y":6.630046367645264,"z":-0.057014524936676028},"rotation":{"x":-0.05780526250600815,"y":-0.9261537790298462,"z":0.158807173371315,"w":-0.3372475206851959},"size":1.4295979738235474,"orthographic":false}