{"cameraMode":{"drawMode":0,"name":"Shaded","section":"Shading Mode"},"sceneLighting":false,"audioPlay":false,"sceneViewState":{"m_AlwaysRefresh":false,"showFog":false,"showSkybox":false,"showFlares":false,"showImageEffects":false,"showParticleSystems":false,"showVisualEffectGraphs":true,"m_FxEnabled":true},"in2DMode":false,"pivot":{"x":0.3200589716434479,"y":1.0206284523010255,"z":-0.37263286113739016},"rotation":{"x":0.03426455706357956,"y":0.9415260553359985,"z":-0.31966859102249148,"w":0.10094191879034043},"size":0.9594449400901794,"orthographic":false}